,cell_barcode,n_viral_barcodes_fluHA,n_viral_barcodes_fluNA,viral_barcodes_fluHA,viral_barcodes_fluNA,freq_supernatant_fluHA,freq_supernatant_fluNA,freq_second_infection_fluHA,freq_second_infection_fluNA,infected,infecting_viral_tag,total_UMIs,viral_UMIs,frac_viral_UMIs,n_viral_genes,transcriptome_UMIs_fluHA,transcriptome_UMIs_fluM,transcriptome_UMIs_fluNA,transcriptome_UMIs_fluNP,transcriptome_UMIs_fluNS,transcriptome_UMIs_fluPA,transcriptome_UMIs_fluPB1,transcriptome_UMIs_fluPB2,frac_UMIs_fluHA,frac_UMIs_fluM,frac_UMIs_fluNA,frac_UMIs_fluNP,frac_UMIs_fluNS,frac_UMIs_fluPA,frac_UMIs_fluPB1,frac_UMIs_fluPB2,present_fluHA,present_fluM,present_fluNA,present_fluNP,present_fluNS,present_fluPA,present_fluPB1,present_fluPB2,mutations_fluHA,mutations_fluM,mutations_fluNA,mutations_fluNP,mutations_fluNS,mutations_fluPA,mutations_fluPB1,mutations_fluPB2,pacbio_UMIs_fluHA,pacbio_UMIs_fluM,pacbio_UMIs_fluNA,pacbio_UMIs_fluNP,pacbio_UMIs_fluNS,pacbio_UMIs_fluPA,pacbio_UMIs_fluPB1,pacbio_UMIs_fluPB2,mutation_support_fluHA,mutation_support_fluM,mutation_support_fluNA,mutation_support_fluNP,mutation_support_fluNS,mutation_support_fluPA,mutation_support_fluPB1,mutation_support_fluPB2,all_viral_genes,missing_viral_genes,virus_fully_sequenced,viral_mutations,mutation_support,mutated_genes,has_mutations,all_barcoded_genes,freq_supernatant,freq_second_infection
2,AAAGGGCTCCGCACTT,3,2,AATCTACGAGGGAAAC; ATGGATCAGATTTCCT; GCAAAAATACAAAGTA,CTCGTTTTCGGAGTAC; GACTATCTAATTGAGG,0.05708473250595231,0.0012427255346914266,0.003326076589996874,0.0001312700551710184,infected,wt,128527,3021,0.02350478887704529,7,86,735,23,232,649,0,18,1278,0.0006691201070592171,0.0057186427754479605,0.0001789507263065348,0.0018050681957876558,0.0050495226683887435,0.0,0.00014004839450076638,0.009943436009554413,True,True,True,True,True,False,True,True,WT,WT,WT,WT,WT,WT,WT,del168to2007 del2097to2106,11,34,9,121,70,1,5,1611,Not Applicable,Not Applicable,Not Applicable,Not Applicable,Not Applicable,Not Applicable,Not Applicable,1597/1611 1601/1611,False,PA,True,PB2: del168to2007 del2097to2106,PB2: 1597/1611 1601/1611,PB2,True,True,0.012422175189563223,0.0012174726589453493
3,AAAGTCCAGTAGAGTT,1,1,CGCAGGTAACAAGAAG,TTTACTTTAAGTGCTT,0.00016164064054015342,9.210868908120512e-05,0.0002020203487008026,6.56350275855092e-05,infected,wt,75830,15135,0.1995911908215746,8,566,7232,82,2902,2897,59,1120,277,0.007464064354477121,0.09537122510879599,0.0010813662138995119,0.03826981405776078,0.038203877093498616,0.0007780561782935513,0.014769879994725043,0.003652907820123961,True,True,True,True,True,True,True,True,WT,WT,WT,WT,WT,WT,WT,WT,19,427,40,1458,314,11,88,55,Not Applicable,Not Applicable,Not Applicable,Not Applicable,Not Applicable,Not Applicable,Not Applicable,Not Applicable,True,,True,,,,False,True,0.00017995985545866914,0.00021216593448886015
4,AACCAACAGGGTCTTT,2,1,GTTTTAACTGAACGTG; CCGATTAGAAATCCGT,AGTTATTGGTTGGATA,0.00032328128108030684,0.00894636869081369,0.0004040406974016052,0.0001430009066882251,infected,wt,130332,17157,0.13164073289752326,8,1347,6280,4204,4026,414,73,673,140,0.010335144093545714,0.04818463615996072,0.032256084461222106,0.030890341589172268,0.0031765030844305322,0.0005601080317957217,0.0051637356903906926,0.0010741797870054935,True,True,True,True,True,True,True,True,WT,A111C_synonymous,del39to1256,WT,G550A_G184R,A937C_T313P,WT,WT,561,472,1550,2519,50,9,412,147,Not Applicable,436/472,1483/1550,Not Applicable,48/50,7/9,Not Applicable,Not Applicable,True,,True,"M: A111C_synonymous, NA: del39to1256, NS: G550A_G184R, PA: A937C_T313P","M: 436/472, NA: 1483/1550, NS: 48/50, PA: 7/9","M, NA, NS, PA",True,True,0.0025082090403497482,0.00044288626491219366
10,AAGGAATAGCATCGAG,1,1,GAGAAACATGTGTGAG,CTGTTGTTCTTTACCA,0.00016164064054015342,0.0006622451521807172,0.0040848808704173935,0.0010850856614802802,infected,wt,91039,3192,0.035061896549830295,8,114,1262,48,250,1480,5,18,15,0.0012522105910653676,0.013862190929162228,0.0005272465646591021,0.002746075857599491,0.016256769076988982,5.492151715198981e-05,0.0001977174617471633,0.00016476455145596943,True,True,True,True,True,True,True,True,WT,WT,del43to43,WT,WT,WT,WT,T650A_F217Y,12,87,14,148,169,5,3,4,Not Applicable,Not Applicable,14/14,Not Applicable,Not Applicable,Not Applicable,Not Applicable,4/4,True,,True,"NA: del43to43, PB2: T650A_F217Y","NA: 14/14, PB2: 4/4","NA, PB2",True,True,0.00048254156557479404,0.003879108886133722
12,AATCGTGGTACTGAGG,1,1,TGACCTCCCTCGGTTA,CGGTAAACGAACTTCA,0.00016164064054015342,9.210868908120512e-05,0.0002020203487008026,6.56350275855092e-05,infected,wt,168506,6655,0.039494142641805036,7,1417,2295,46,2662,3,118,55,59,0.008409196111711155,0.013619693067309176,0.00027298731202449764,0.015797657056722016,1.7803520349423762e-05,0.0007002718004106679,0.0003263978730727689,0.000350135900205334,True,True,True,True,False,True,True,True,WT,WT,A1634T_noncoding,WT,WT,WT,WT,WT,732,228,29,2550,2,134,77,84,Not Applicable,Not Applicable,28/29,Not Applicable,Not Applicable,Not Applicable,Not Applicable,Not Applicable,False,NS,True,NA: A1634T_noncoding,NA: 28/29,NA,True,True,0.00017995985545866914,0.00021216593448886015
19,ACAGAAATCTCTTGCG,5,1,AAATATGAAACGATTT; AACTATCGGAGTAACA; GACCTTCTGAGAAAAC; GTGAGACGTGACTTTC; GTTTCTTCTTTTTTAG,ATATACCAGACTTGGC,0.046103476502302655,9.210868908120512e-05,0.0010332067216872413,6.56350275855092e-05,infected,wt,93505,5813,0.062167798513448475,8,815,3882,48,726,149,56,108,29,0.008716111437891022,0.041516496444040416,0.000513341532538367,0.0077642906796428,0.0015934976739211807,0.0005988984546280948,0.0011550184482113255,0.00031014384257526333,True,True,True,True,True,True,True,True,WT,WT,WT,WT,WT,WT,WT,WT,126,131,37,490,10,43,106,18,Not Applicable,Not Applicable,Not Applicable,Not Applicable,Not Applicable,Not Applicable,Not Applicable,Not Applicable,True,,True,,,,False,True,0.0030392553644032474,0.0004798126655322546
20,ACAGGGAGTATCGTAC,2,1,CAAGGCATTCGATTAG; CATGCATTGTTCAATC,CTGAGACCTCAGACTG,0.00032328128108030684,9.210868908120512e-05,0.0004040406974016052,6.56350275855092e-05,infected,wt,113842,11395,0.10009486832627676,8,625,320,8546,918,592,89,190,115,0.005490065178053794,0.0028109133711635426,0.07506895521863635,0.008063807733525413,0.005200189736652553,0.0007817852813548602,0.0016689798141283536,0.001010171992761898,True,True,True,True,True,True,True,True,WT,WT,WT,WT,WT,WT,WT,WT,41,29,24,400,86,11,18,32,Not Applicable,Not Applicable,Not Applicable,Not Applicable,Not Applicable,Not Applicable,Not Applicable,Not Applicable,True,,True,,,,False,True,0.00025450166827235176,0.0003000479420277076
24,ACCTGTCCAAGTCCCG,1,1,ACATTATCCCGCGACG,ATGAGTTGGATCTCGC,0.00016164064054015342,9.210868908120512e-05,0.0002020203487008026,6.56350275855092e-05,infected,wt,142294,5999,0.04215919153302318,8,552,1027,48,460,3618,53,157,84,0.003879292169733088,0.007217451192601234,0.00033732975388983373,0.003232743474777573,0.025426230199446214,0.0003724682699200248,0.0011033494033479976,0.000590327069307209,True,True,True,True,True,True,True,True,WT,WT,WT,WT,WT,WT,G2201A_R734Q,WT,24,54,20,236,416,18,11,19,Not Applicable,Not Applicable,Not Applicable,Not Applicable,Not Applicable,Not Applicable,8/11,Not Applicable,True,,True,PB1: G2201A_R734Q,PB1: 8/11,PB1,True,True,0.00017995985545866914,0.00021216593448886015
27,ACGCACGTCCATAAGC,3,2,CAAACGTACCTTAATG; GATTCTAAGTTGAGGA; TGATCCTTAAGTAAGT,CCCTCCGGCTATCGTT; GTTTTTTTAACGATTC,0.0015091859049770318,0.001268074720316504,0.0008585220420512714,0.0001312700551710184,infected,wt,92304,10754,0.11650632691974346,8,125,7107,60,2265,806,13,222,156,0.0013542208355000866,0.07699557982319293,0.0006500260010400416,0.02453848153926157,0.008732015947304559,0.000140838966892009,0.002405096203848154,0.0016900676027041082,True,True,True,True,True,True,True,True,WT,WT,WT,WT,WT,WT,WT,WT,20,579,35,1590,91,11,177,106,Not Applicable,Not Applicable,Not Applicable,Not Applicable,Not Applicable,Not Applicable,Not Applicable,Not Applicable,True,,True,,,,False,True,0.002040299138705361,0.0006185414657047107
28,ACGGTTATCCTAGAGT,2,2,GAAAAAGAACAGAGTG; ACCCACGGGGAGATTT,AGCGTTCGGTTCTGGA; TGGTCATAAGCTCTCG,0.03078771335667475,0.019291375710732108,0.000416668925776411,0.0001312700551710184,infected,wt,136490,17944,0.13146750677705327,8,1139,10570,313,2076,3640,19,150,37,0.008344933694776175,0.07744157081104842,0.002293208293647886,0.01520990548758151,0.026668620411751776,0.00013920433731408894,0.0010989816103743864,0.00027108213055901533,True,True,True,True,True,True,True,True,WT,WT,WT,WT,WT,WT,WT,WT,115,570,173,1428,436,8,34,13,Not Applicable,Not Applicable,Not Applicable,Not Applicable,Not Applicable,Not Applicable,Not Applicable,Not Applicable,True,,True,,,,False,True,0.03594350051405273,0.00043091206171867253
31,ACTATCTGTGTCATCA,2,1,CGCGCAATGGCAAGTT; GGATATGTGAAGAGGA,AGGAACTTGAAAAGGC,0.026696933653047056,0.014395941782934341,0.0010721292276519782,0.00040175934556386253,infected,wt,92618,2144,0.02314884795612084,7,246,616,990,57,124,0,77,34,0.0026560711740698352,0.006650974972467555,0.010689066920037142,0.0006154311256991082,0.0013388326243278846,0.0,0.0008313718715584444,0.0003670992679608716,True,True,True,True,True,False,True,True,WT,WT,WT,WT,WT,WT,WT,WT,8,23,3,15,16,1,5,5,Not Applicable,Not Applicable,Not Applicable,Not Applicable,Not Applicable,Not Applicable,Not Applicable,Not Applicable,False,PA,True,,,,False,True,0.028913507925960345,0.001209252021474575
34,ACTGTCCTCACGGTCG,1,1,ACTGTCCAGCTATGCT,GTAACAAAATTAGCGC,0.00016164064054015342,0.08484550751006202,0.0002020203487008026,0.4192043506558447,infected,wt,166567,4705,0.02824689164120144,8,107,958,2471,208,942,7,3,9,0.0006423841457191403,0.0057514393607377215,0.0148348712530093,0.001248746750556833,0.005655381918387195,4.202513102835495e-05,1.8010770440723553e-05,5.403231132217066e-05,True,True,True,True,True,True,True,True,WT,WT,del71to1425,WT,WT,WT,WT,WT,12,69,458,129,134,4,2,2,Not Applicable,Not Applicable,454/458,Not Applicable,Not Applicable,Not Applicable,Not Applicable,Not Applicable,True,,True,NA: del71to1425,NA: 454/458,NA,True,True,0.0054618499000522016,0.01695589463282816
39,AGAAATGAGCTCGTGC,2,2,ACATGATCTCTGAAAC; GCGACCATAAGCGTAC,CGAAAATTCGGAAATG; GGTCTGAATGGTAGAA,0.010043371984267488,0.00862922687243669,0.007290479979574448,0.002218937555873656,infected,wt,74672,9637,0.12905774587529462,8,383,3689,1036,1534,2779,19,158,39,0.00512909792157703,0.04940272123419756,0.013874008999357193,0.02054317548746518,0.03721609170773516,0.000254446110992072,0.0021159202914077567,0.0005222841225626741,True,True,True,True,True,True,True,True,WT,WT,WT,WT,WT,WT,T1182C_synonymous,WT,29,254,49,709,423,2,24,11,Not Applicable,Not Applicable,Not Applicable,Not Applicable,Not Applicable,Not Applicable,18/24,Not Applicable,True,,True,PB1: T1182C_synonymous,PB1: 18/24,PB1,True,True,0.013730165476172139,0.007410727796563721
44,AGATGAAGTTCTCCTG,1,1,TGTGAAACGGACTGCC,CAAAGTAGAATGGCTG,0.00016164064054015342,9.210868908120512e-05,0.0002020203487008026,6.56350275855092e-05,infected,wt,149761,13637,0.09105841974879976,7,492,8,176,6951,5574,62,338,36,0.003285234473594595,5.341844672511535e-05,0.0011752058279525376,0.0464139528982846,0.03721930275572412,0.000413992962119644,0.0022569293741361235,0.0002403830102630191,True,False,True,True,True,True,True,True,WT,Not Detected,G751A_A251T del47to47 ins1489CG,WT,WT,WT,WT,WT,71,0,99,1995,560,25,211,20,Not Applicable,Not Applicable,98/99 98/99 97/99,Not Applicable,Not Applicable,Not Applicable,Not Applicable,Not Applicable,False,M,True,NA: G751A_A251T del47to47 ins1489CG,NA: 98/99 98/99 97/99,NA,True,True,0.00017995985545866914,0.00021216593448886015
64,ATCGGATCAGGCGAAT,1,1,AGAATGGTTTTCACGC,GGAATATCGTTAGGGA,0.00016164064054015342,9.210868908120512e-05,0.0002020203487008026,6.56350275855092e-05,infected,wt,81238,11306,0.13917132376474065,8,108,3548,116,1558,5497,36,382,61,0.0013294271153893498,0.04367414264260568,0.0014279031980107832,0.019178217090524138,0.06766537827125238,0.00044314237179645,0.004702232945173441,0.0007508801299884291,True,True,True,True,True,True,True,True,WT,WT,WT,WT,WT,WT,WT,WT,8,184,68,856,574,12,43,14,Not Applicable,Not Applicable,Not Applicable,Not Applicable,Not Applicable,Not Applicable,Not Applicable,Not Applicable,True,,True,,,,False,True,0.00017995985545866914,0.00021216593448886015
67,ATGCCTCGTGTTCAGT,2,1,GGGAGCTGTGAGCACG; GGTTTTTCTGTAATGA,GTTTAACTGTTAAGAG,0.00032328128108030684,9.210868908120512e-05,0.0004040406974016052,6.56350275855092e-05,infected,wt,139835,10347,0.0739943504844996,8,629,3294,95,1464,4551,13,260,41,0.0044981585439982825,0.02355633425108164,0.0006793721171380558,0.010469481889369614,0.032545500053634636,9.296671076626024e-05,0.0018593342153252047,0.00029320270318589764,True,True,True,True,True,True,True,True,WT,WT,WT,WT,A69T_synonymous,WT,WT,WT,23,128,43,563,526,2,20,3,Not Applicable,Not Applicable,Not Applicable,Not Applicable,308/526,Not Applicable,Not Applicable,Not Applicable,True,,True,NS: A69T_synonymous,NS: 308/526,NS,True,True,0.00025450166827235176,0.0003000479420277076
68,ATGGAGGGTTGGGTAG,1,1,GAATAACATTGAGTTT,TCTGTAAAGACGATGT,0.03932574224904568,0.02702784669471228,0.10801339712612412,0.029559009351142095,infected,wt,157139,4361,0.027752499379530227,8,261,2058,51,540,1332,14,88,17,0.001660949859678374,0.013096685100452466,0.0003245534208566938,0.0034364479855414627,0.008476571697668942,8.909309592144534e-05,0.0005600137457919421,0.00010818447361889792,True,True,True,True,True,True,True,True,G694A_A232T,WT,WT,WT,WT,WT,WT,WT,26,122,32,310,136,6,27,8,26/26,Not Applicable,Not Applicable,Not Applicable,Not Applicable,Not Applicable,Not Applicable,Not Applicable,True,,True,HA: G694A_A232T,HA: 26/26,HA,True,True,0.0480832972578883,0.10411037490121385
81,CACGTTCCAGTAGAAT,1,1,TTTGCACACGTCTAAT,GTGGTCTAGGATCGAT,0.00016164064054015342,9.210868908120512e-05,0.0002020203487008026,6.56350275855092e-05,infected,wt,109481,16844,0.15385318000383627,8,5628,5364,907,228,3863,4,809,41,0.05140618006777432,0.0489948027511623,0.008284542523360217,0.0020825531370740127,0.03528466126542505,3.6536019948666895e-05,0.00738941003461788,0.0003744942044738357,True,True,True,True,True,True,True,True,T1554G_D518E,WT,WT,WT,WT,WT,WT,WT,18,257,382,64,439,2,15,2,17/18,Not Applicable,Not Applicable,Not Applicable,Not Applicable,Not Applicable,Not Applicable,Not Applicable,True,,True,HA: T1554G_D518E,HA: 17/18,HA,True,True,0.00017995985545866914,0.00021216593448886015
87,CAGCAGCTCTTGGTCC,1,1,GTATTTAGAAGCGGTC,CGATGGACATTTAACG,0.00016164064054015342,9.210868908120512e-05,0.0002020203487008026,6.56350275855092e-05,infected,wt,97503,17329,0.1777278647836477,7,2248,8137,198,5252,1,211,862,420,0.02305570085023025,0.08345384244587346,0.002030706747484693,0.053865009281765686,1.0256094684266126e-05,0.0021640359783801524,0.008840753617837399,0.0043075597673917715,True,True,True,True,False,True,True,True,WT,WT,WT,WT,Not Detected,WT,WT,WT,952,380,133,3853,0,225,1122,412,Not Applicable,Not Applicable,Not Applicable,Not Applicable,Not Applicable,Not Applicable,Not Applicable,Not Applicable,False,NS,True,,,,False,True,0.00017995985545866914,0.00021216593448886015
93,CATCCCATCCTTGAAG,2,2,GCAGAGTTCATGCCTG; TGGAGAAGATGGTCTA,AATTTAATTTAACCTC; GTTATTCAAGGTCGAT,0.03783652069036578,0.012042093914767084,0.0035413798819562557,0.0008003681318510417,infected,wt,106468,5633,0.05290791599353797,8,288,2263,115,928,1821,20,187,11,0.002705038133523688,0.021255212833903143,0.0010801367547056393,0.008716233985798549,0.017103730698425818,0.00018784987038358942,0.0017563962880865612,0.00010331742871097419,True,True,True,True,True,True,True,True,WT,WT,WT,WT,WT,WT,G993C_E331D,WT,20,148,42,500,244,5,44,2,Not Applicable,Not Applicable,Not Applicable,Not Applicable,Not Applicable,Not Applicable,26/44,Not Applicable,True,,True,PB1: G993C_E331D,PB1: 26/44,PB1,True,True,0.03148158975952426,0.003101997276798442
101,CCGGACAAGTTTAGGA,2,2,CAGTCGCAGCATGACG; CGAGCAGAGCTCAATG,GTATGGTTTGAACAGC; TAATGGAGCCGGGATA,0.00032328128108030684,0.00018421737816241024,0.0004040406974016052,0.0001312700551710184,infected,wt,167654,6372,0.03800684743579038,8,1345,328,311,1059,2690,212,194,233,0.008022474858935666,0.001956410225822229,0.0018550109153375406,0.006316580576663843,0.01604494971787133,0.0012645090483972945,0.001157145072589977,0.001389767020172498,True,True,True,True,True,True,True,True,WT,WT,WT,WT,WT,WT,WT,WT,48,6,143,567,256,144,15,147,Not Applicable,Not Applicable,Not Applicable,Not Applicable,Not Applicable,Not Applicable,Not Applicable,Not Applicable,True,,True,,,,False,True,0.0003599197109173383,0.0004243318689777203
103,CCTAAGAAGCCATATC,1,1,TCACTGGATCAAGTTT,TCACGCATGGTACAAC,0.025066191679345515,0.004717642496821814,0.007181270168243571,0.0019330704380807707,infected,wt,68618,6149,0.0896120551458801,8,379,1490,81,1218,2855,21,86,19,0.005523332070302253,0.02171441895712495,0.0011804482788772626,0.017750444489784026,0.041607158471538085,0.00030604214637558664,0.0012533154565857357,0.0002768952752921974,True,True,True,True,True,True,True,True,WT,WT,WT,WT,WT,WT,WT,WT,40,115,36,769,377,9,45,8,Not Applicable,Not Applicable,Not Applicable,Not Applicable,Not Applicable,Not Applicable,Not Applicable,Not Applicable,True,,True,,,,False,True,0.016038241373711435,0.00686490818016719
106,CCTCATGGTTACTCAG,1,1,GTTAGCAGATCTGGAA,GCTGAAAAAGATTGTC,0.01962789512729618,0.015374823403001753,0.0060155239790490615,0.001326649759706202,infected,wt,135254,2099,0.01551894953199166,8,123,914,27,293,650,2,70,20,0.0009094000916793588,0.006757655965812471,0.00019962441036863978,0.0021662945273337574,0.004805772842207994,1.4786993360639981e-05,0.0005175447676223993,0.0001478699336063998,True,True,True,True,True,True,True,True,WT,WT,del45to46,WT,WT,WT,WT,WT,7,48,9,77,83,2,6,5,Not Applicable,Not Applicable,9/9,Not Applicable,Not Applicable,Not Applicable,Not Applicable,Not Applicable,True,,True,NA: del45to46,NA: 9/9,NA,True,True,0.025620758692696102,0.0052050527214257515
111,CGATGCGTCCGTGCGA,1,2,TAGTTATTGGGACTGG,CGCTGTCATTATGCAT; GAGTTTTCAGAGATTT,0.00016164064054015342,0.00018421737816241024,0.0002020203487008026,0.0001312700551710184,infected,wt,123972,3773,0.030434291614235474,8,136,494,34,1667,824,3,605,10,0.0010970219081728133,0.003984770754686542,0.00027425547704320333,0.013446584712677056,0.006646662149517633,2.419901268028265e-05,0.004880134223857,8.066337560094215e-05,True,True,True,True,True,True,True,True,WT,WT,WT,WT,WT,WT,WT,WT,8,28,15,587,80,2,80,4,Not Applicable,Not Applicable,Not Applicable,Not Applicable,Not Applicable,Not Applicable,Not Applicable,Not Applicable,True,,True,,,,False,True,0.00025450166827235176,0.0003000479420277076
114,CGCCATTGTGTGAATA,2,2,CACGGATAACAGTTTC; TCAGCATTATCGATCT,AAAAGTTCTTGGATGT; CACCCCGTTAGTGGGG,0.0012081670636476815,0.1503511581663867,0.0004040406974016052,0.20298268753630536,infected,wt,160879,4284,0.02662870853249958,8,263,1270,193,103,2372,22,57,4,0.0016347689878728733,0.007894131614443153,0.0011996593713287627,0.0006402327214863345,0.01474400014918044,0.00013674873662814912,0.0003543035449002045,2.4863406659663472e-05,True,True,True,True,True,True,True,True,WT,WT,del47to1276,WT,WT,WT,WT,WT,17,63,43,55,248,3,5,2,Not Applicable,Not Applicable,30/43,Not Applicable,Not Applicable,Not Applicable,Not Applicable,Not Applicable,True,,True,NA: del47to1276,NA: 30/43,NA,True,True,0.01987773692571097,0.01668600292959304
115,CGCGTGACAGTTGTTG,1,1,GTACCCTGATAGACGT,ATTTGTATGACTTTAA,0.00016164064054015342,9.210868908120512e-05,0.0002020203487008026,6.56350275855092e-05,infected,wt,140619,1762,0.012530312404440368,7,180,673,60,395,421,8,0,25,0.0012800546156636016,0.004785981979675578,0.00042668487188786717,0.0028090087399284588,0.002993905517746535,5.6891316251715626e-05,0.0,0.00017778536328661132,True,True,True,True,True,True,False,True,WT,WT,WT,WT,WT,WT,Not Detected,WT,26,32,31,308,47,8,0,19,Not Applicable,Not Applicable,Not Applicable,Not Applicable,Not Applicable,Not Applicable,Not Applicable,Not Applicable,False,PB1,True,,,,False,True,0.00017995985545866914,0.00021216593448886015
118,CGGACACGTCGTGGTC,1,1,CTTCTAAGTCGAGAAA,AAAAACACGTTCTATA,0.00016164064054015342,9.210868908120512e-05,0.0002020203487008026,6.56350275855092e-05,infected,wt,71081,27839,0.39165177754955616,8,25822,1124,24,196,606,10,41,16,0.3632756995540299,0.015812945794234746,0.0003376429706954038,0.0027574175940124645,0.008525485010058946,0.00014068457112308494,0.0005768067416046483,0.0002250953137969359,True,True,True,True,True,True,True,True,del56to1685,WT,WT,WT,WT,WT,WT,WT,2419,43,14,102,55,3,7,4,2385/2419,Not Applicable,Not Applicable,Not Applicable,Not Applicable,Not Applicable,Not Applicable,Not Applicable,True,,True,HA: del56to1685,HA: 2385/2419,HA,True,True,0.00017995985545866914,0.00021216593448886015
119,CGTAATGAGCACGGAT,3,1,ATTCCAGATGTGAAAA; CGCACTTCAAGAACAT; TAGCAATGCGTTAAAG,TTCCTACGCAGACCGT,0.0019167927382060452,0.006116550796545735,0.0006060610461024078,6.56350275855092e-05,infected,wt,135618,17287,0.12746833016266276,8,992,9345,136,1256,5013,21,320,204,0.007314663245291924,0.06890678228553733,0.0010028167352416346,0.009261307496055096,0.03696411980710525,0.00015484670176525242,0.0023595687888038463,0.001504225102862452,True,True,True,True,True,True,True,True,WT,WT,del613to650,WT,WT,WT,A476G_E159G,WT,87,516,57,805,653,7,39,55,Not Applicable,Not Applicable,57/57,Not Applicable,Not Applicable,Not Applicable,36/39,Not Applicable,True,,True,"NA: del613to650, PB1: A476G_E159G","NA: 57/57, PB1: 36/39","NA, PB1",True,True,0.00504999472775992,0.0003674821781700357
122,CGTTAGATCAAGTCGT,1,1,TAGATTTCAACATCGG,GGATCCTTCAAAAGGC,0.0011087496679650986,0.0035270678658531488,0.0002020203487008026,6.56350275855092e-05,infected,wt,140147,12677,0.09045502222666199,8,369,9359,112,1585,1167,32,31,22,0.002632949688541317,0.06677988112481895,0.0007991608810748714,0.01130955354021135,0.008326970966199776,0.0002283316803071061,0.00022119631529750902,0.00015697803021113546,True,True,True,True,True,True,True,True,WT,WT,del47to47,WT,WT,WT,WT,WT,111,640,76,1071,149,24,17,16,Not Applicable,Not Applicable,76/76,Not Applicable,Not Applicable,Not Applicable,Not Applicable,Not Applicable,True,,True,NA: del47to47,NA: 76/76,NA,True,True,0.0029165787894976252,0.00021216593448886015
123,CGTTCTGGTGCACAAG,2,2,CTAGTCAATCATTAGT; TACTATCCGAGATCGA,GTAACTACGAAGGTGA; TGTATAGCATTAGGGC,0.00032328128108030684,0.0006968560843099063,0.0004040406974016052,0.0001312700551710184,infected,wt,137452,10745,0.07817274393970257,7,1734,5664,231,2178,0,103,654,181,0.012615312981986437,0.04120711230102145,0.0016805866775310653,0.01584553153100719,0.0,0.0007493525012367952,0.004758024619503536,0.001316823327416116,True,True,True,True,False,True,True,True,WT,WT,WT,WT,WT,WT,WT,WT,721,160,169,1669,1,87,683,159,Not Applicable,Not Applicable,Not Applicable,Not Applicable,Not Applicable,Not Applicable,Not Applicable,Not Applicable,False,NS,True,,,,False,True,0.000700022309333596,0.0004243318689777203
124,CGTTGGGAGCATGAAT,2,2,CGGATGAGTGAATTAG; TTAAGAGGCCGAATTG,ATGCACTTGATTTTTA; CTGATTGAATTAACCC,0.013260619268344487,0.00927146119537683,0.02265437028717666,0.01897459681450564,infected,wt,133497,5646,0.042293085237870516,8,754,1387,102,369,2904,15,97,18,0.00564806699776025,0.010389746586065604,0.0007640621137553652,0.002764107058585586,0.02175329782691746,0.00011236207555225959,0.0007266080885712787,0.00013483449066271151,True,True,True,True,True,True,True,True,WT,WT,WT,WT,WT,WT,WT,WT,13,61,37,131,321,2,4,5,Not Applicable,Not Applicable,Not Applicable,Not Applicable,Not Applicable,Not Applicable,Not Applicable,Not Applicable,True,,True,,,,False,True,0.016353324294480998,0.03820080685525461
129,CTACCTGGTGCATGTT,4,1,AACCTTCAAACCCAGC; CGAAAGGAGCTGTTAA; TCTCTCGACTCGACGC; TGTTCCGATGAGATAT,TCAGCAAATTTTCGAT,0.0038793446973535866,0.019043895794135655,0.0037276463488144927,0.0009473969335603861,infected,wt,141864,1801,0.012695257429650931,8,248,601,13,272,591,6,62,8,0.0017481531607736987,0.004236451813004004,9.16370608470084e-05,0.001917329273106637,0.004165961766198613,4.229402808323465e-05,0.0004370382901934247,5.639203744431285e-05,True,True,True,True,True,True,True,True,WT,WT,WT,WT,WT,WT,WT,WT,3,11,3,36,57,2,5,2,Not Applicable,Not Applicable,Not Applicable,Not Applicable,Not Applicable,Not Applicable,Not Applicable,Not Applicable,True,,True,,,,False,True,0.012676726980346121,0.0034625304325948685
130,CTACTATCAGACCTAT,2,1,AATGTATGTCCCTGTC; CGTTCAGTAAGTTGGA,TAATTGTCTGCCAGAA,0.014193943020068841,9.210868908120512e-05,0.0004040406974016052,6.56350275855092e-05,infected,wt,115822,3218,0.02778401339987222,8,124,927,10,253,1853,1,38,12,0.0010706083472915337,0.008003660789832674,8.633938284609142e-05,0.002184386386006113,0.015998687641380738,8.633938284609141e-06,0.00032808965481514736,0.00010360725941530972,True,True,True,True,True,True,True,True,WT,WT,G1421C_W474S,WT,WT,WT,WT,WT,7,90,7,185,333,2,23,16,Not Applicable,Not Applicable,4/7,Not Applicable,Not Applicable,Not Applicable,Not Applicable,Not Applicable,True,,True,NA: G1421C_W474S,NA: 4/7,NA,True,True,0.0016863661767445878,0.0003000479420277076
133,CTCAACCCACCCATAA,1,1,CTTGCTTATCCTTATA,CTGAGACCTCAGACTG,0.00016164064054015342,9.210868908120512e-05,0.0002020203487008026,6.56350275855092e-05,infected,wt,108047,20432,0.1891028904088036,8,631,7162,5431,1165,4475,22,1378,168,0.005840051088877988,0.06628596814349311,0.050265162383037014,0.01078234472035318,0.04141716105028368,0.0002036150934315622,0.012753709034031486,0.0015548788952955658,True,True,True,True,True,True,True,True,WT,WT,WT,WT,WT,A1391T_Y464F,WT,WT,28,431,12,657,594,6,69,30,Not Applicable,Not Applicable,Not Applicable,Not Applicable,Not Applicable,6/6,Not Applicable,Not Applicable,True,,True,PA: A1391T_Y464F,PA: 6/6,PA,True,True,0.00017995985545866914,0.00021216593448886015
136,CTCTGGTGTAAGTTAG,1,1,GAGTACCTAGGTCGTC,TACGGGAATTGCAATT,0.01608101246064447,0.009225475580192669,0.09343537540365422,0.024578714895156128,infected,wt,159842,14407,0.09013275609664544,8,589,9173,193,1352,2926,13,141,20,0.003684888827717371,0.05738792057156442,0.0012074423493199536,0.008458352623215426,0.018305576757047585,8.13303136847637e-05,0.0008821210945808986,0.00012512355951502108,True,True,True,True,True,True,True,True,A90G_synonymous,WT,WT,A1184C_N395T,WT,WT,WT,WT,107,595,108,1102,371,10,82,15,104/107,Not Applicable,Not Applicable,1073/1102,Not Applicable,Not Applicable,Not Applicable,Not Applicable,True,,True,"HA: A90G_synonymous, NP: A1184C_N395T","HA: 104/107, NP: 1073/1102","HA, NP",True,True,0.01796392071704491,0.08829691166903209
142,CTGTACCAGCAATTAG,2,2,TATTCTTGGAAACTCT; TGTCATAGTGTCAGGT,AGCTTGAGGAGAAATA; GTTAAGCTCAAATAGT,0.0013707903920830268,0.000708358586693879,0.0004040406974016052,0.0001312700551710184,infected,wt,148542,14050,0.09458604300467208,8,1074,5634,139,4725,1317,27,950,184,0.007230278305125824,0.037928666639738255,0.0009357622759892825,0.031809185280930644,0.008866179262430827,0.0001817667730338894,0.006395497569710922,0.0012387068977124315,True,True,True,True,True,True,True,True,WT,WT,WT,WT,WT,WT,WT,WT,257,335,86,3347,150,9,550,185,Not Applicable,Not Applicable,Not Applicable,Not Applicable,Not Applicable,Not Applicable,Not Applicable,Not Applicable,True,,True,,,,False,True,0.0014533230476312217,0.0004243318689777203
157,GAGGCAAAGCTGTACT,1,1,AAGTAAAATGGGGAAA,ATAAAAATATGTTATA,0.02773567510554841,0.0012633367477595263,0.0002020203487008026,0.0021047621559718848,infected,wt,128063,4027,0.031445460437440946,8,337,1922,56,458,1189,9,48,8,0.0026315173000788675,0.015008238132794016,0.0004372847739003459,0.003576364757970687,0.00928449278870556,7.027791009112702e-05,0.0003748155204860108,6.246925341433513e-05,True,True,True,True,True,True,True,True,WT,WT,WT,WT,WT,WT,WT,WT,27,108,19,233,141,7,3,3,Not Applicable,Not Applicable,Not Applicable,Not Applicable,Not Applicable,Not Applicable,Not Applicable,Not Applicable,True,,True,,,,False,True,0.008730296404870375,0.0012014600420999855
167,GATCGTAGTACCCGCA,3,1,CGCGTTAAGCGAGGGT; GGTAGACTCTTACGCG; GTCTCCAATAAACCGA,GCGGCGGGTCTGAACA,0.14695028182310663,0.1390444682545046,0.0020072410515680635,0.011791325452626365,infected,wt,74297,13668,0.18396435926080465,8,369,4880,4939,1017,2305,16,119,23,0.004966553158270186,0.06568232903078186,0.06647643915635894,0.013688305045964171,0.03102413287212135,0.00021535189846157992,0.0016016797448080006,0.00030956835403852113,True,True,True,True,True,True,True,True,WT,WT,del109to943,WT,WT,WT,WT,WT,30,338,2514,509,303,2,7,3,Not Applicable,Not Applicable,2483/2514,Not Applicable,Not Applicable,Not Applicable,Not Applicable,Not Applicable,True,,True,NA: del109to943,NA: 2483/2514,NA,True,True,0.21082015245551156,0.008963783091123287
173,GCAACATTCGTAACAC,2,2,GTGTAATCAAAGCAAG; GTGAGGACAACCATTC,ATTTCCGTGAGAGTAT; GGTAGACCCCGACGCG,0.00032328128108030684,0.0008110234915437333,0.0004040406974016052,0.0001312700551710184,infected,wt,139464,9884,0.07087133597200711,7,884,5,485,6339,1172,104,634,261,0.00633855331841909,3.585154591866001e-05,0.003477599954110021,0.04545258991567716,0.008403602363333908,0.0007457121551081282,0.0045459760224860896,0.0018714506969540528,True,False,True,True,True,True,True,True,WT,WT,WT,WT,WT,WT,WT,WT,17,1,305,6295,139,173,1036,315,Not Applicable,Not Applicable,Not Applicable,Not Applicable,Not Applicable,Not Applicable,Not Applicable,Not Applicable,False,M,True,,,,False,True,0.0007551914245690997,0.0004243318689777203
178,GCAGTTAGTGACAGGT,1,1,ATCTGCATATCATCGG,TTGGTCTAGTGCCGCA,0.001177926318644011,9.210868908120512e-05,0.0002020203487008026,9.592792445969253e-05,infected,wt,121064,11825,0.09767560959492501,8,1094,5357,111,1340,3796,25,87,15,0.009036542655124562,0.04424932267230556,0.0009168704156479216,0.011068525738452387,0.031355316196391994,0.00020650234586664905,0.0007186281636159386,0.00012390140751998943,True,True,True,True,True,True,True,True,WT,WT,WT,WT,WT,WT,WT,WT,165,296,69,870,428,7,21,7,Not Applicable,Not Applicable,Not Applicable,Not Applicable,Not Applicable,Not Applicable,Not Applicable,Not Applicable,True,,True,,,,False,True,0.0004858021326405007,0.0002564958498096518
183,GCATTAGCAGCCCAGT,2,2,AATGTATGTCCCTGTC; CGTTCAGTAAGTTGGA,GATAAGTATGACAAAG; TAATTGTCTGCCAGAA,0.014193943020068841,0.00018421737816241024,0.0004040406974016052,0.0001312700551710184,infected,wt,123091,3665,0.029774719516455307,8,125,946,10,321,2194,5,41,23,0.0010155088511751473,0.0076853709856935125,8.124070809401174e-05,0.002607826729817777,0.017824211355826174,4.062035404700587e-05,0.00033308690318544816,0.000186853628616227,True,True,True,True,True,True,True,True,WT,WT,WT,WT,WT,WT,WT,WT,8,82,5,235,336,9,17,9,Not Applicable,Not Applicable,Not Applicable,Not Applicable,Not Applicable,Not Applicable,Not Applicable,Not Applicable,True,,True,,,,False,True,0.00238488191827946,0.0004243318689777203
189,GCCGATGGTCACATTG,1,1,AAATGTGGTACGTGTT,CTGGAGTAATTGGCTG,0.0275538940035611,0.006623275319215193,0.0002020203487008026,0.0030956251649414267,infected,wt,153976,5964,0.03873330908713046,8,841,3802,69,775,104,24,304,45,0.005461890164700992,0.02469215981711436,0.00044812178521328,0.005033251935366551,0.0006754299371330598,0.00015586844703070608,0.001974333662388944,0.00029225333818257387,True,True,True,True,True,True,True,True,WT,WT,WT,WT,WT,WT,WT,WT,74,93,42,194,8,5,50,20,Not Applicable,Not Applicable,Not Applicable,Not Applicable,Not Applicable,Not Applicable,Not Applicable,Not Applicable,True,,True,,,,False,True,0.019924064981751435,0.001457075321873214
190,GCGAGAAGTATTCCTT,2,2,AGAGAACATGGACTAG; TTGCTGGACAGAGGCT,GGCTGAGCAGTATGGC; TCAACAAGCTTATAAA,0.023162347700582023,0.005773681538357648,0.0004040406974016052,0.0009996174279665552,infected,wt,144290,4001,0.027728879340217616,8,224,1925,30,329,1423,12,47,11,0.0015524291357682444,0.013341187885508352,0.00020791461639753278,0.002280130293159609,0.009862083304456305,8.31658465590131e-05,0.0003257328990228013,7.623535934576201e-05,True,True,True,True,True,True,True,True,WT,WT,WT,WT,WT,WT,WT,WT,34,90,11,162,152,2,13,3,Not Applicable,Not Applicable,Not Applicable,Not Applicable,Not Applicable,Not Applicable,Not Applicable,Not Applicable,True,,True,,,,False,True,0.017055629560290577,0.0011709537073663204
191,GCGGATCGTAGGTACG,2,2,AGTGCAAGAAGGCTGC; ATTCGGTTTTACGAAC,ACAGAAGGATCACGTT; TGGGATGTTGTATTCG,0.00032328128108030684,0.00018421737816241024,0.0004040406974016052,0.0001312700551710184,infected,wt,102608,2093,0.02039801964759083,8,132,740,134,244,775,13,51,4,0.0012864493996569473,0.0072119133011071266,0.001305941057227507,0.002377982223608296,0.0075530173085919215,0.0001266957742086387,0.0004970372680492749,3.89833151411196e-05,True,True,True,True,True,True,True,True,WT,WT,G1483A_noncoding,WT,WT,WT,WT,WT,17,46,74,122,98,12,41,2,Not Applicable,Not Applicable,67/74,Not Applicable,Not Applicable,Not Applicable,Not Applicable,Not Applicable,True,,True,NA: G1483A_noncoding,NA: 67/74,NA,True,True,0.0003599197109173383,0.0004243318689777203
195,GCTACCTTCTAGCCAA,1,1,AGAACAAACACGATCC,ACTATTTTGCTGAAGA,0.00016164064054015342,0.009708938108255988,0.0011923633908319992,0.0007396466020501001,infected,wt,116408,7503,0.0644543330355302,8,217,2650,40,669,3745,13,145,24,0.0018641330492749641,0.02276475843584633,0.00034361899525805784,0.005747027695691018,0.032171328431035665,0.0001116761734588688,0.0012456188578104598,0.00020617139715483466,True,True,True,True,True,True,True,True,WT,WT,WT,WT,WT,WT,WT,WT,20,189,22,425,554,2,47,7,Not Applicable,Not Applicable,Not Applicable,Not Applicable,Not Applicable,Not Applicable,Not Applicable,Not Applicable,True,,True,,,,False,True,0.0018476138167137267,0.0017303211258586386
196,GCTTTCGCACCCATAA,1,1,TCAGGACAATCATCCC,AGGAATGGGATCCAAG,0.044386683489665686,0.052169415017131494,0.0017726385965243434,0.0008899847145601092,infected,wt,136070,15733,0.11562431101638862,8,1627,10660,245,2182,859,19,105,36,0.01195708091423532,0.0783420298375836,0.0018005438377305802,0.016035863893584183,0.006312927169839054,0.0001396340119056368,0.0007716616447416771,0.000264569706768575,True,True,True,True,True,True,True,True,WT,WT,WT,WT,WT,T1438C_F480L,WT,WT,461,748,174,1410,127,10,55,16,Not Applicable,Not Applicable,Not Applicable,Not Applicable,Not Applicable,10/10,Not Applicable,Not Applicable,True,,True,PA: T1438C_F480L,PA: 10/10,PA,True,True,0.07097156553559428,0.002314257259564016
199,GGAGAACGTTAAACAG,3,2,ACACCCATAATTTGAT; GGATACGAAAAAGAAA; TTGGAACCAAATTGTA,CTCATTTTTCACTGTC; GATGAGCCACCTTCAT,0.0004849219216204602,0.00018421737816241024,0.0006060610461024078,0.0001312700551710184,infected,wt,125985,8662,0.06875421677183792,8,401,1174,4805,678,1507,5,65,27,0.003182918601420804,0.009318569670992578,0.038139461046950034,0.005381593046791285,0.01196174147715998,3.968726435686788e-05,0.0005159344366392825,0.00021431122752708652,True,True,True,True,True,True,True,True,WT,WT,A747T_E249D,WT,WT,WT,WT,WT,25,49,27,265,156,2,12,12,Not Applicable,Not Applicable,19/27,Not Applicable,Not Applicable,Not Applicable,Not Applicable,Not Applicable,True,,True,NA: A747T_E249D,NA: 19/27,NA,True,True,0.0004408098200587534,0.0005196982802984706
209,GGGTCACCAACCAACT,1,1,GACTTCTGTTATTCCT,TAATCAATAACATGGG,0.00016164064054015342,0.004430188940178963,0.0002020203487008026,6.56350275855092e-05,infected,wt,69942,3882,0.05550313116582311,8,230,1336,52,734,1439,19,28,44,0.0032884389923079124,0.01910154127705813,0.0007434731634783108,0.010494409653713076,0.02057419004317864,0.00027165365588630583,0.000400331703411398,0.0006290926767893398,True,True,True,True,True,True,True,True,WT,WT,WT,WT,WT,WT,WT,WT,48,105,35,625,198,21,17,35,Not Applicable,Not Applicable,Not Applicable,Not Applicable,Not Applicable,Not Applicable,Not Applicable,Not Applicable,True,,True,,,,False,True,0.0012480628590995203,0.00021216593448886015
210,GGGTTATCACCAGGTC,2,1,AATGTATGTCCCTGTC; CGTTCAGTAAGTTGGA,TAATTGTCTGCCAGAA,0.014193943020068841,9.210868908120512e-05,0.0004040406974016052,6.56350275855092e-05,infected,wt,118382,3107,0.02624554408609417,8,110,854,11,288,1779,8,36,21,0.0009291953168556027,0.007213934550860774,9.291953168556032e-05,0.002432802284131033,0.015027622442601071,6.757784122586202e-05,0.0003041002855163792,0.00017739183321788786,True,True,True,True,True,True,True,True,WT,WT,G1421C_W474S,WT,WT,WT,WT,WT,5,85,4,185,248,4,21,14,Not Applicable,Not Applicable,4/4,Not Applicable,Not Applicable,Not Applicable,Not Applicable,Not Applicable,True,,True,NA: G1421C_W474S,NA: 4/4,NA,True,True,0.0016863661767445878,0.0003000479420277076
216,GTACAACAGGGTTAGC,2,1,TCAACCCCATGCATTT; GCTCTGCATAAATTAG,AAGATACAAAATGATC,0.017349488205954097,0.0408297536414548,0.00206340845314648,0.07102954627376863,infected,wt,112696,10354,0.09187548803861716,8,1190,1121,1434,1038,5217,20,276,58,0.010559380989564849,0.009947114360758146,0.01272449776389579,0.009210619720309505,0.04629268119542841,0.00017746858805991342,0.002449066515226805,0.0005146589053737488,True,True,True,True,True,True,True,True,WT,WT,del50to1281,WT,WT,WT,WT,WT,61,55,337,506,585,7,38,18,Not Applicable,Not Applicable,304/337,Not Applicable,Not Applicable,Not Applicable,Not Applicable,Not Applicable,True,,True,NA: del50to1281,NA: 304/337,NA,True,True,0.03925380560249671,0.02230603520045364
218,GTAGAAATCATGGATC,1,1,ATTTTTTATAGCATGA,ATTAAGTATAATCCGA,0.00016164064054015342,9.210868908120512e-05,0.0002020203487008026,6.56350275855092e-05,infected,wt,85076,24780,0.2912689830269406,7,2799,6859,588,13488,2,213,530,301,0.0328999952983215,0.08062203206544738,0.006911467393859607,0.1585405989938408,2.3508392496121114e-05,0.002503643800836899,0.006229724011472096,0.003538013070666228,True,True,True,True,False,True,True,True,WT,G660A_synonymous,del45to45,G874A_E292K,Not Detected,WT,WT,C1302A_synonymous,1277,597,446,15122,0,329,848,402,Not Applicable,572/597,442/446,14649/15122,Not Applicable,Not Applicable,Not Applicable,402/402,False,NS,True,"M: G660A_synonymous, NA: del45to45, NP: G874A_E292K, PB2: C1302A_synonymous","M: 572/597, NA: 442/446, NP: 14649/15122, PB2: 402/402","M, NA, NP, PB2",True,True,0.00017995985545866914,0.00021216593448886015
219,GTAGGAGTCCCGAACG,1,1,CTTAATTCGTGAGTTT,GACAATGCGATAATAT,0.00016164064054015342,9.210868908120512e-05,0.0002020203487008026,6.56350275855092e-05,infected,wt,88746,10126,0.11410091722443827,8,81,1780,335,1356,6350,56,159,9,0.0009127171928875668,0.02005724201654159,0.003774818019967097,0.015279561895747413,0.07155252067698828,0.0006310143555765894,0.0017916300452978165,0.00010141302143195186,True,True,True,True,True,True,True,True,G166C_G56R,ins825T,WT,WT,WT,WT,WT,WT,20,112,224,959,750,31,103,12,20/20,96/112,Not Applicable,Not Applicable,Not Applicable,Not Applicable,Not Applicable,Not Applicable,True,,True,"HA: G166C_G56R, M: ins825T","HA: 20/20, M: 96/112","HA, M",True,True,0.00017995985545866914,0.00021216593448886015
221,GTAGTACAGCTGGCTC,2,2,GATGACGTAGAAAAGT; TTGTATTGAACTACAC,AAATCTGCTGAAGCCA; TATTAACCCCAGGTAC,0.00032328128108030684,0.00018421737816241024,0.0004040406974016052,0.0001312700551710184,infected,wt,76658,10138,0.1322497325784654,7,5672,2598,430,125,2,275,663,373,0.07399097289258785,0.03389078765425657,0.0056093297503196,0.0016306191134650009,2.608990581544001e-05,0.0035873620496230008,0.008648803777818362,0.004865767434579562,True,True,True,True,False,True,True,True,WT,WT,WT,WT,Not Detected,WT,WT,WT,138,90,245,40,0,14,23,64,Not Applicable,Not Applicable,Not Applicable,Not Applicable,Not Applicable,Not Applicable,Not Applicable,Not Applicable,False,NS,True,,,,False,True,0.0003599197109173383,0.0004243318689777203
226,GTCAAGTCAATTGGTC,1,1,AGAGGCGTTGGATGGG,TTTTAACGTTATACTA,0.00016164064054015342,9.210868908120512e-05,0.0002020203487008026,6.56350275855092e-05,infected,wt,84123,3326,0.03953734412705205,8,334,112,58,670,2024,15,79,34,0.003970376710293261,0.0013313838070444473,0.0006894666143623027,0.0079645281314266,0.02406000737016036,0.00017831033130059556,0.0009391010781831367,0.00040417008428134983,True,True,True,True,True,True,True,True,WT,WT,WT,WT,WT,G1644A_M548I,WT,WT,39,3,38,508,256,10,15,10,Not Applicable,Not Applicable,Not Applicable,Not Applicable,Not Applicable,10/10,Not Applicable,Not Applicable,True,,True,PA: G1644A_M548I,PA: 10/10,PA,True,True,0.00017995985545866914,0.00021216593448886015
228,GTCATTTGTCTACACA,1,1,TTCTGTAAAGTTGTCT,TCAGAATGTTTATAAC,0.00016164064054015342,9.210868908120512e-05,0.0002020203487008026,6.56350275855092e-05,infected,wt,40140,25134,0.6261584454409567,7,3705,12038,399,7157,4,206,1037,588,0.09230194319880418,0.2999003487792725,0.009940209267563529,0.1783009466865969,9.96512207274539e-05,0.005132037867463878,0.025834578973592426,0.014648729446935725,True,True,True,True,False,True,True,True,WT,WT,del47to47,WT,Not Detected,WT,WT,WT,1985,868,348,7702,0,364,1774,946,Not Applicable,Not Applicable,345/348,Not Applicable,Not Applicable,Not Applicable,Not Applicable,Not Applicable,False,NS,True,NA: del47to47,NA: 345/348,NA,True,True,0.00017995985545866914,0.00021216593448886015
229,GTCCACTAGCGCCATC,2,3,AGGTTTCGAATTTCAT; TATACTTTCTGATTTG,ACTCGATCTCGATTTA; ATCACACAACTTTCCA; GATGAGAGAAGTTTAT,0.004008465748012741,0.00790338259644658,0.0004040406974016052,0.0002340584331394839,infected,wt,102779,5976,0.05814417342064041,8,971,1504,135,738,2411,40,135,42,0.009447455219451444,0.014633339495422216,0.0013134978935385633,0.007180455151344145,0.023458099417196118,0.00038918456104846316,0.0013134978935385633,0.0004086437891008864,True,True,True,True,True,True,True,True,WT,WT,WT,WT,WT,WT,WT,WT,25,94,65,330,292,5,10,6,Not Applicable,Not Applicable,Not Applicable,Not Applicable,Not Applicable,Not Applicable,Not Applicable,Not Applicable,True,,True,,,,False,True,0.008301291134007072,0.0005666109497686179
231,GTCGTTCTCGTTTACT,1,1,AAATGGGACAGAGGTA,TTGGCTGACTGGCTCT,0.00016164064054015342,9.210868908120512e-05,0.0002020203487008026,6.56350275855092e-05,infected,wt,80660,11568,0.14341681130671954,7,853,5856,263,3883,2,95,175,441,0.010575254153235805,0.07260104140838086,0.0032606000495908755,0.048140342177039434,2.4795437639474328e-05,0.001177783287875031,0.0021696007934540046,0.005467393999504092,True,True,True,True,False,True,True,True,C63T_synonymous,WT,ins1489A,WT,Not Detected,WT,WT,WT,522,636,240,2513,0,91,155,457,512/522,Not Applicable,238/240,Not Applicable,Not Applicable,Not Applicable,Not Applicable,Not Applicable,False,NS,True,"HA: C63T_synonymous, NA: ins1489A","HA: 512/522, NA: 238/240","HA, NA",True,True,0.00017995985545866914,0.00021216593448886015
240,TAACACGAGTGAGTGC,2,1,CACATAAGGAGATAAT; GTATTAAAGGACAAGA,TTGTGAGCGAAGTGCG,0.00032328128108030684,0.13618132092426483,0.0004040406974016052,0.010441177189488279,infected,wt,84149,10451,0.12419636596988674,8,577,2186,2941,1725,2159,36,669,158,0.006856884811465377,0.025977729978965882,0.034949910278197015,0.020499352339302904,0.02565687055104636,0.00042781257055936496,0.007950183602894866,0.0018776218374549907,True,True,True,True,True,True,True,True,WT,WT,del311to1262,WT,WT,WT,WT,WT,18,103,1471,572,227,4,37,24,Not Applicable,Not Applicable,1436/1471,Not Applicable,Not Applicable,Not Applicable,Not Applicable,Not Applicable,True,,True,NA: del311to1262,NA: 1436/1471,NA,True,True,0.009785862382737029,0.0037844044916811536
243,TAACGACTCCGGTAGC,1,1,GTATTTATCAAGAGTC,GCGGTTGCGGTAGAGA,0.014257435631315669,0.026877141215009927,0.04339245105353695,0.026048524653948635,infected,wt,160206,3834,0.02393168795176211,8,172,1896,47,280,1382,3,45,9,0.0010736177171891187,0.011834762742968429,0.0002933722831853988,0.0017477497721683332,0.00862639351834513,1.8725890416089285e-05,0.0002808883562413393,5.617767124826786e-05,True,True,True,True,True,True,True,True,WT,WT,WT,WT,WT,WT,WT,WT,16,113,18,155,180,2,6,2,Not Applicable,Not Applicable,Not Applicable,Not Applicable,Not Applicable,Not Applicable,Not Applicable,Not Applicable,True,,True,,,,False,True,0.02887103145937206,0.061945379325599494
245,TAAGCACAGGATGGCT,2,1,AAATTTCTCTTGTTCA; GGTCACGGGTTGGCCT,GCAGAAGCATACTGTC,0.023699198912726104,9.210868908120512e-05,0.0035884527863172095,6.56350275855092e-05,infected,wt,111289,5522,0.04961856068434437,8,427,2125,82,725,2073,8,69,13,0.003836857191636191,0.019094429817861604,0.0007368203506186593,0.006514570173152783,0.01862717788820099,7.188491225547898e-05,0.0006200073682035062,0.00011681298241515334,True,True,True,True,True,True,True,True,WT,WT,WT,WT,WT,WT,WT,WT,21,92,39,238,183,5,6,3,Not Applicable,Not Applicable,Not Applicable,Not Applicable,Not Applicable,Not Applicable,Not Applicable,Not Applicable,True,,True,,,,False,True,0.0021790499586422573,0.0008941939241585853
247,TAAGCGTCATATCGGT,1,1,TCGAGGAATTTAGGCA,CGGTGTCACCTCATTT,0.00016164064054015342,9.210868908120512e-05,0.0002020203487008026,6.56350275855092e-05,infected,wt,152418,7576,0.04970541537088796,7,1480,8,619,2828,1624,13,881,123,0.009710139222401552,5.2487239040008396e-05,0.00406120012072065,0.01855423900064297,0.010654909525121705,8.529176344001365e-05,0.005780157199280924,0.0008069913002401293,True,False,True,True,True,True,True,True,WT,Not Detected,WT,WT,WT,WT,WT,WT,96,0,222,1066,146,2,315,66,Not Applicable,Not Applicable,Not Applicable,Not Applicable,Not Applicable,Not Applicable,Not Applicable,Not Applicable,False,M,True,,,,False,True,0.00017995985545866914,0.00021216593448886015
248,TACAACGGTATCACCA,1,1,CAGCTGTGGGAGCAAA,AAGTCCAGATTGTATG,0.00016164064054015342,9.210868908120512e-05,0.0002020203487008026,6.56350275855092e-05,infected,wt,135699,1699,0.012520357556061578,7,22,225,22,4,1337,2,75,12,0.00016212352338631825,0.0016580814891782546,0.00016212352338631825,2.947700425205787e-05,0.00985268867125034,1.4738502126028935e-05,0.000552693829726085,8.84310127561736e-05,True,True,True,False,True,True,True,True,WT,WT,WT,WT,T94C_F32L,WT,A1095G_synonymous,WT,2,15,6,5,164,2,8,5,Not Applicable,Not Applicable,Not Applicable,Not Applicable,154/164,Not Applicable,5/8,Not Applicable,False,NP,True,"NS: T94C_F32L, PB1: A1095G_synonymous","NS: 154/164, PB1: 5/8","NS, PB1",True,True,0.00017995985545866914,0.00021216593448886015
250,TACCCGTAGTGGAAAG,2,2,CGGCTCAGAAGTACAC; GTCGAGAGGGTGATAT,AATAAGAGAGGTCCGG; GTTCGATCTGTATCAA,0.0017241896547111172,0.0017287720867020305,0.056426584439128395,0.037924190313634844,infected,wt,120359,6532,0.05427097267341869,8,109,3189,125,628,2315,19,126,21,0.0009056240081755416,0.02649573359698901,0.001038559642403144,0.0052177236434333965,0.019234124577306225,0.00015786106564527787,0.0010468681195423693,0.0001744780199237282,True,True,True,True,True,True,True,True,WT,WT,WT,WT,WT,WT,WT,WT,15,183,51,374,260,8,17,2,Not Applicable,Not Applicable,Not Applicable,Not Applicable,Not Applicable,Not Applicable,Not Applicable,Not Applicable,True,,True,,,,False,True,0.002546310975075969,0.08523349564131326
255,TACTTCAAGAATGTTG,2,1,CAATTATGTGATTGAC; ACTCAGGTAATAATAG,TCCTAATTTTAAAATG,0.04423985412653193,9.210868908120512e-05,0.0004040406974016052,6.56350275855092e-05,infected,wt,152463,9225,0.06050648354026879,7,118,5598,50,112,3078,0,146,123,0.0007739582718430045,0.03671710513370457,0.0003279484202724596,0.0007346044614103094,0.02018850475197261,0.0,0.000957609387195582,0.0008067531138702505,True,True,True,True,True,False,True,True,WT,WT,del43to43,WT,WT,WT,WT,WT,9,322,31,63,377,1,13,41,Not Applicable,Not Applicable,29/31,Not Applicable,Not Applicable,Not Applicable,Not Applicable,Not Applicable,False,PA,True,NA: del43to43,NA: 29/31,NA,True,True,0.0029771944274489598,0.0003000479420277076
256,TACTTCACAATTTCCT,1,1,GAGTCGATTGGCAGGG,AATGGGGAGATGAAAC,0.0010139839339392907,0.0008312584400589331,0.0006071178576888247,0.0002993925850643577,infected,wt,140342,3565,0.02540223169115446,8,201,504,30,443,2287,13,68,19,0.001432215587635918,0.003591227145116929,0.00021376352054267432,0.003156574653346824,0.016295905716036542,9.263085890182554e-05,0.0004845306465633952,0.0001353835630103604,True,True,True,True,True,True,True,True,WT,WT,WT,WT,T206C_L69S,WT,WT,WT,15,33,12,232,250,2,9,5,Not Applicable,Not Applicable,Not Applicable,Not Applicable,221/250,Not Applicable,Not Applicable,Not Applicable,True,,True,NS: T206C_L69S,NS: 221/250,NS,True,True,0.001354046642060265,0.0007855381544173548
260,TAGCACAGTAGTCACT,3,2,AGCCTAATAGCGGCCA; CGCTTGACACAGGTGT; ATTACCGAAGTAGAAT,ATTGAGAGATCATTAC; GGCCAATCTTAATTGC,0.0014767822232843134,0.00018421737816241024,0.0006060610461024078,0.0001312700551710184,infected,wt,76697,2696,0.03515130969920597,8,519,695,195,364,847,12,46,18,0.006766887883489576,0.009061632136850205,0.0025424723261666038,0.00474594834217766,0.011043456719298015,0.00015645983545640638,0.0005997627025828912,0.00023468975318460963,True,True,True,True,True,True,True,True,WT,WT,WT,WT,WT,WT,WT,WT,27,25,82,80,90,7,12,3,Not Applicable,Not Applicable,Not Applicable,Not Applicable,Not Applicable,Not Applicable,Not Applicable,Not Applicable,True,,True,,,,False,True,0.000769260760776653,0.0005196982802984706
263,TATTTCGGTGCCTAAT,1,1,TATTCGTTTTGAATAA,ATAGCGTGTAGTCTTG,0.00016164064054015342,0.0007149969814558966,0.0002020203487008026,6.56350275855092e-05,infected,wt,82915,23929,0.2885967557136827,7,7179,10282,459,4741,1,436,514,317,0.08658264487728398,0.12400651269372248,0.0055357896641138535,0.057179038774648736,1.2060543930531267e-05,0.0052583971537116326,0.006199119580293071,0.003823192425978412,True,True,True,True,False,True,True,True,WT,WT,WT,WT,WT,WT,WT,WT,2480,602,324,2342,2,233,315,123,Not Applicable,Not Applicable,Not Applicable,Not Applicable,Not Applicable,Not Applicable,Not Applicable,Not Applicable,False,NS,True,,,,False,True,0.0005013920449189155,0.00021216593448886015
264,TCAAGTGCAATAGGAT,1,1,ATTCCGCTGAGATCTG,CATGATGAACATAATT,0.00016164064054015342,9.210868908120512e-05,0.0002020203487008026,6.56350275855092e-05,infected,wt,77388,31462,0.4065488189383367,7,3704,13294,423,10020,1,309,3008,703,0.04786271773401561,0.17178373908099448,0.0054659637153046964,0.12947743836253686,1.292190003618132e-05,0.0039928671111800285,0.03886907530883341,0.009084095725435469,True,True,True,True,False,True,True,True,A158G_K53R,WT,WT,WT,Not Detected,WT,WT,WT,330,458,204,4196,0,46,541,187,315/330,Not Applicable,Not Applicable,Not Applicable,Not Applicable,Not Applicable,Not Applicable,Not Applicable,False,NS,True,HA: A158G_K53R,HA: 315/330,HA,True,True,0.00017995985545866914,0.00021216593448886015
270,TCATTTGTCACTGATG,2,1,CGCGCAATGGCAAGTT; CGTCTTTCTGGGGAGT,GTCTAGGAATGTCAGA,0.00032328128108030684,9.210868908120512e-05,0.0004040406974016052,6.56350275855092e-05,infected,wt,144109,6625,0.04597214608386707,8,182,1212,159,669,4181,21,170,31,0.0012629329188322727,0.008410300536399531,0.0011033315060128095,0.00464231935548786,0.029012761173833695,0.00014572302909603147,0.0011796626164916836,0.0002151149477131893,True,True,True,True,True,True,True,True,WT,WT,WT,WT,WT,WT,WT,WT,5,54,3,177,473,2,6,5,Not Applicable,Not Applicable,Not Applicable,Not Applicable,Not Applicable,Not Applicable,Not Applicable,Not Applicable,True,,True,,,,False,True,0.00025450166827235176,0.0003000479420277076
275,TCCCACAGTTACGGAG,1,1,GATTGAGTTTTGAGTA,TTCCTCAGCCTTTAAG,0.00016164064054015342,9.210868908120512e-05,0.0002020203487008026,6.56350275855092e-05,infected,wt,120342,9869,0.08200794402619202,7,881,6249,85,2160,3,82,271,138,0.007320802379883997,0.051927008027122704,0.0007063203204201357,0.017948845789499925,2.4928952485416564e-05,0.0006813913679347192,0.0022519153745159627,0.0011467318143291616,True,True,True,True,False,True,True,True,WT,WT,del1480to1480 del52to52,WT,WT,WT,WT,WT,316,197,62,1636,2,74,328,180,Not Applicable,Not Applicable,61/62 61/62,Not Applicable,Not Applicable,Not Applicable,Not Applicable,Not Applicable,False,NS,True,NA: del1480to1480 del52to52,NA: 61/62 61/62,NA,True,True,0.00017995985545866914,0.00021216593448886015
276,TCCTAATAGCATCGAG,2,2,AATGTATGTCCCTGTC; CGTTCAGTAAGTTGGA,GATAAGTATGACAAAG; TAATTGTCTGCCAGAA,0.014193943020068841,0.00018421737816241024,0.0004040406974016052,0.0001312700551710184,infected,wt,145538,3418,0.023485275323283258,8,131,922,12,285,1994,6,48,20,0.000900108562712144,0.006335115227638142,8.245269276752465e-05,0.00195825145322871,0.013700889114870343,4.122634638376233e-05,0.00032981077107009855,0.00013742115461254104,True,True,True,True,True,True,True,True,WT,WT,G1421C_W474S,WT,WT,WT,WT,WT,9,76,11,185,314,11,16,9,Not Applicable,Not Applicable,6/11,Not Applicable,Not Applicable,Not Applicable,Not Applicable,Not Applicable,True,,True,NA: G1421C_W474S,NA: 6/11,NA,True,True,0.00238488191827946,0.0004243318689777203
279,TCCTTCTCAACTTCTT,1,1,TATTAGTAACGCGGGG,ATTAGGACTGTTGTGT,0.0016581393102044891,0.0009087453037996052,0.003140598907995121,0.0014378469676810095,infected,wt,101478,7433,0.07324740337807209,8,581,2123,124,525,3951,22,70,37,0.005725378899860068,0.020920790713258045,0.001221939730779085,0.005173535150475965,0.03893454738958199,0.00021679575868661192,0.0006898046867301287,0.0003646110487002109,True,True,True,True,True,True,True,True,WT,WT,WT,WT,WT,WT,WT,WT,14,138,65,198,484,4,3,4,Not Applicable,Not Applicable,Not Applicable,Not Applicable,Not Applicable,Not Applicable,Not Applicable,Not Applicable,True,,True,,,,False,True,0.0018104296396232022,0.003915370198342575
282,TCGACCTGTGGTCTGC,1,1,AGTCTACCATAGGAAT,GAACCCGATGGGGAAT,0.00016164064054015342,9.210868908120512e-05,0.0002020203487008026,6.56350275855092e-05,infected,wt,131552,24348,0.1850827049379713,8,879,7814,9310,1283,4558,27,382,95,0.006681768426173682,0.059398564826076375,0.07077049379712966,0.00975279737290197,0.03464789588907808,0.00020524203356847483,0.002903794697153977,0.0007221478958890781,True,True,True,True,True,True,True,True,WT,WT,WT,WT,WT,WT,G1433A_S478N,WT,20,389,6,413,453,5,13,8,Not Applicable,Not Applicable,Not Applicable,Not Applicable,Not Applicable,Not Applicable,10/13,Not Applicable,True,,True,PB1: G1433A_S478N,PB1: 10/13,PB1,True,True,0.00017995985545866914,0.00021216593448886015
284,TCTAACTGTCCAAATC,2,1,AATAAGCTCGCTTGTC; CCTAGCGGGTTGGAGA,GTTTCCATTGGACTAA,0.00032328128108030684,9.210868908120512e-05,0.0004040406974016052,6.56350275855092e-05,infected,wt,136725,4132,0.030221247028707262,8,215,1520,56,459,1790,6,61,25,0.0015724995428780398,0.01111720607057963,0.0004095812762845127,0.0033571036752605594,0.01309197293837996,4.388370817334065e-05,0.0004461510330956299,0.00018284878405558602,True,True,True,True,True,True,True,True,T643C_Y215H,WT,del47to47,WT,WT,WT,WT,WT,18,102,29,145,217,2,7,5,17/18,Not Applicable,27/29,Not Applicable,Not Applicable,Not Applicable,Not Applicable,Not Applicable,True,,True,"HA: T643C_Y215H, NA: del47to47","HA: 17/18, NA: 27/29","HA, NA",True,True,0.00025450166827235176,0.0003000479420277076
285,TCTACATAGACCGCCT,1,2,AGGTATAGGTCATATG,GATTTTCATGGACGGT; TCGAGCTTATAAAGTC,0.022207544894831472,0.0007176739595958582,0.061152450443453577,0.014250033342831505,infected,wt,149893,8771,0.05851507408618147,8,247,4056,138,526,3673,11,97,23,0.0016478421273842007,0.02705930230230898,0.0009206567351377317,0.0035091698745104843,0.024504146291020927,7.338568178634093e-05,0.0006471282848431883,0.00015344278918962194,True,True,True,True,True,True,True,True,WT,WT,WT,WT,WT,WT,WT,WT,37,289,78,355,425,6,18,8,Not Applicable,Not Applicable,Not Applicable,Not Applicable,Not Applicable,Not Applicable,Not Applicable,Not Applicable,True,,True,,,,False,True,0.005887947408300108,0.05439076068776113
296,TCTTAGTCATTCGATG,1,1,TGGGTGAATATGATAT,GACGCCAAAGGGTATC,0.05889465663726242,0.031183981554559235,0.12597127919186307,0.048844815666933744,infected,wt,150284,5316,0.03537302706874984,8,316,2099,131,1034,1511,24,184,17,0.0021026855819648127,0.013966889356152352,0.0008716829469537675,0.006880306619467143,0.010054297197306434,0.0001596976391365681,0.0012243485667136887,0.00011311916105506909,True,True,True,True,True,True,True,True,WT,WT,WT,WT,WT,WT,WT,WT,69,123,54,654,185,12,45,8,Not Applicable,Not Applicable,Not Applicable,Not Applicable,Not Applicable,Not Applicable,Not Applicable,Not Applicable,True,,True,,,,False,True,0.06320534163951715,0.14452908976080828
300,TGACAGTTCAGACATC,3,2,ACTCGTCACATAGAGA; ATCGCATTAAAAAATG; ATGCCCCAATCGAATA,GAGTCAGAAAAGTAAA; TTCGTGGACGGACTGT,0.009829402893418862,0.014028370728374604,0.0007434298974381689,0.0001560767421063086,infected,wt,148671,14183,0.0953985646158296,8,1076,7294,201,1808,2866,75,653,210,0.007237457204162211,0.049061350229701824,0.0013519785297737958,0.012161080506622004,0.019277465006625367,0.0005044696006618641,0.004392248656429297,0.0014125148818532195,True,True,True,True,True,True,True,True,WT,WT,WT,WT,WT,G478A_D160N,G1715A_R572K,WT,53,352,97,828,368,8,70,55,Not Applicable,Not Applicable,Not Applicable,Not Applicable,Not Applicable,6/8,52/70,Not Applicable,True,,True,"PA: G478A_D160N, PB1: G1715A_R572K","PA: 6/8, PB1: 52/70","PA, PB1",True,True,0.017318777755469996,0.0006276237466645267
305,TGCAGATAGCTGAAGC,2,2,ACATGATCTCTGAAAC; GCGACCATAAGCGTAC,CGAAAATTCGGAAATG; GGTCTGAATGGTAGAA,0.010043371984267488,0.00862922687243669,0.007290479979574448,0.002218937555873656,infected,wt,79800,10529,0.1319423558897243,8,413,4193,985,1606,3086,23,188,35,0.005175438596491228,0.05254385964912281,0.012343358395989977,0.02012531328320802,0.03867167919799499,0.00028822055137844616,0.002355889724310777,0.0004385964912280702,True,True,True,True,True,True,True,True,WT,WT,WT,WT,WT,WT,T1182C_synonymous,WT,11,136,38,645,264,3,14,4,Not Applicable,Not Applicable,Not Applicable,Not Applicable,Not Applicable,Not Applicable,12/14,Not Applicable,True,,True,PB1: T1182C_synonymous,PB1: 12/14,PB1,True,True,0.013730165476172139,0.007410727796563721
313,TGGGCTGAGTGCAAAT,1,1,CCCGACAAGTGATTGA,GAATAGTCAGGGTTCA,0.00016164064054015342,9.210868908120512e-05,0.0002020203487008026,6.56350275855092e-05,infected,wt,155416,18956,0.1219694239975292,7,2045,11790,196,4190,3,82,458,192,0.01315823338652391,0.07586091522108405,0.0012611314150409224,0.026959901168476862,1.930303186287126e-05,0.0005276162042518143,0.0029469295310650128,0.0012353940392237606,True,True,True,True,False,True,True,True,WT,WT,WT,WT,WT,WT,WT,WT,922,644,159,3411,1,81,610,172,Not Applicable,Not Applicable,Not Applicable,Not Applicable,Not Applicable,Not Applicable,Not Applicable,Not Applicable,False,NS,True,,,,False,True,0.00017995985545866914,0.00021216593448886015
315,TGGGTTAGTGCACGCT,1,1,GAGATTTCAATGTCAT,ACAAGAGTTCGCTTAA,0.00016164064054015342,9.210868908120512e-05,0.0002020203487008026,6.56350275855092e-05,infected,wt,144313,4006,0.02775910694116261,8,315,2347,95,527,645,16,26,35,0.0021827555383090924,0.016263261106068058,0.0006582913528233767,0.003651784662504417,0.004469451816537665,0.00011087012258077927,0.00018016394919376631,0.00024252839314545463,True,True,True,True,True,True,True,True,WT,WT,WT,WT,WT,WT,WT,WT,8,109,38,179,56,4,2,6,Not Applicable,Not Applicable,Not Applicable,Not Applicable,Not Applicable,Not Applicable,Not Applicable,Not Applicable,True,,True,,,,False,True,0.00017995985545866914,0.00021216593448886015
316,TGGTAGTCAGAATTCC,1,2,CCGGACCCCAGTGTAC,GTTTATCCAAGTCGCT; TGCTGGGATGTAAATG,0.00016164064054015342,0.017322247201279478,0.0002020203487008026,0.0001312700551710184,infected,wt,141623,4747,0.033518566899444296,7,536,2066,219,1083,513,0,93,237,0.003784695988645912,0.01458802595623592,0.001546358995360923,0.007647062977058811,0.003622292989133121,0.0,0.000656672998029981,0.0016734569949796287,True,True,True,True,True,False,True,True,WT,WT,WT,WT,WT,WT,WT,WT,38,104,101,215,47,2,6,26,Not Applicable,Not Applicable,Not Applicable,Not Applicable,Not Applicable,Not Applicable,Not Applicable,Not Applicable,False,PA,True,,,,False,True,0.0024678993921269377,0.0003000479420277076
317,TGTAACGAGCCTTCTC,1,1,AGTTTTACATTTGGCG,CTGACGGGTTGGTCTG,0.00016164064054015342,9.210868908120512e-05,0.0002020203487008026,6.56350275855092e-05,infected,wt,104162,3748,0.03598241201205814,7,79,697,69,841,1980,0,13,69,0.0007584339778422075,0.0066914997791901075,0.0006624296768495229,0.008073961713484764,0.019008851596551527,0.0,0.00012480559129048982,0.0006624296768495229,True,True,True,True,True,False,True,True,WT,WT,WT,WT,WT,Not Detected,WT,WT,7,39,33,486,268,0,5,10,Not Applicable,Not Applicable,Not Applicable,Not Applicable,Not Applicable,Not Applicable,Not Applicable,Not Applicable,False,PA,True,,,,False,True,0.00017995985545866914,0.00021216593448886015
324,TGTGTGACAACTAGAA,1,1,CTAGGATACTGTACTT,ACTCTTTTTGACAGAC,0.00016164064054015342,9.210868908120512e-05,0.0002020203487008026,6.56350275855092e-05,infected,wt,130326,8157,0.06258919939229317,8,72,3861,74,1513,2354,12,204,67,0.000552460752267391,0.029625707840338838,0.0005678068842748183,0.011609348863618923,0.0180623973727422,9.207679204456517e-05,0.0015653054647576075,0.0005140954222488222,True,True,True,True,True,True,True,True,WT,WT,WT,WT,WT,WT,WT,WT,3,244,38,674,347,6,15,7,Not Applicable,Not Applicable,Not Applicable,Not Applicable,Not Applicable,Not Applicable,Not Applicable,Not Applicable,True,,True,,,,False,True,0.00017995985545866914,0.00021216593448886015
325,TGTTCCGTCACGGACC,4,4,AACCCAAATGCATTAG; GACTGATAAAAAAATC; TAACCATTAGGCAGGG; TGTGTCTTAATACTAT,AGATCTGTGTTGTGAT; GTATCATTTAGTCGGA; GTATCTTAAGTGTGAT; TTGCTAGGTTTCTGTG,0.06781185409893414,0.04309592925822093,0.28545281681990714,0.03530398721320754,infected,wt,126029,9131,0.07245157860492428,8,597,4230,125,1117,2762,10,247,43,0.004737004975045426,0.033563703592030404,0.0009918352125304491,0.008863039459172096,0.02191559085607281,7.934681700243594e-05,0.001959866379960168,0.00034119131311047463,True,True,True,True,True,True,True,True,WT,WT,WT,WT,WT,WT,WT,WT,57,222,45,415,316,2,46,5,Not Applicable,Not Applicable,Not Applicable,Not Applicable,Not Applicable,Not Applicable,Not Applicable,Not Applicable,True,,True,,,,False,True,0.079729857504737,0.18496489289392173
330,TTACCATGTTGCTTGA,1,1,TTTCGCATATCGTTCC,GTTACTGAGAGGGAGG,0.00016164064054015342,9.210868908120512e-05,0.0002020203487008026,6.56350275855092e-05,infected,wt,88802,17138,0.19299114884799887,7,2942,2735,875,7502,3,291,1294,1496,0.033129884462061665,0.030798855881624287,0.00985338168059278,0.08448007927749375,3.378302290488953e-05,0.0032769532217742843,0.01457174387964235,0.01684646742190491,True,True,True,True,False,True,True,True,WT,WT,WT,WT,Not Detected,WT,WT,WT,43,111,439,2640,0,17,88,345,Not Applicable,Not Applicable,Not Applicable,Not Applicable,Not Applicable,Not Applicable,Not Applicable,Not Applicable,False,NS,True,,,,False,True,0.00017995985545866914,0.00021216593448886015
331,TTCAATCCAAGATCCT,1,1,AGAGGCACCTTATGAG,AAACAGCTCCTAGTTG,0.00016164064054015342,9.210868908120512e-05,0.0002020203487008026,6.56350275855092e-05,infected,wt,134204,7241,0.05395517272212453,8,858,189,4,1816,4304,19,46,5,0.0063932520640219365,0.0014083037763404965,2.9805370927841197e-05,0.013531638401239904,0.032070579118357125,0.0001415755119072457,0.00034276176567017377,3.72567136598015e-05,True,True,True,True,True,True,True,True,WT,WT,WT,WT,WT,WT,WT,WT,90,15,4,1038,579,6,12,4,Not Applicable,Not Applicable,Not Applicable,Not Applicable,Not Applicable,Not Applicable,Not Applicable,Not Applicable,True,,True,,,,False,True,0.00017995985545866914,0.00021216593448886015
334,TTCATGTCATGAAGCG,2,2,CAGGAGAGTTTTCTAA; TAATATACATTAGCAT,GTTCCTCCGGAAGATA; TTTAATTAAAAATAAG,0.02171950952358166,0.010222371862240169,0.12166541425745997,0.022902134709726105,infected,wt,120102,2985,0.024853874206924115,8,234,1494,54,295,847,6,43,12,0.0019483439076784733,0.012439426487485635,0.0004496178248488785,0.0024562455246373914,0.0070523388453148156,4.995753609431983e-05,0.00035802900867595877,9.991507218863964e-05,True,True,True,True,True,True,True,True,WT,WT,WT,WT,WT,WT,WT,WT,23,66,21,141,70,2,12,3,Not Applicable,Not Applicable,Not Applicable,Not Applicable,Not Applicable,Not Applicable,Not Applicable,Not Applicable,True,,True,,,,False,True,0.021976113940976007,0.09725945066927456
340,TTGAGTGTCCTGGGTG,1,1,ACTCACATTATATATC,GTATTTGCAAAAAATG,0.0020933485440627975,0.00832621112800634,0.0002020203487008026,9.04417145207994e-05,infected,wt,43013,8648,0.20105549485039406,8,795,2317,82,1475,3534,24,317,104,0.018482784274521658,0.053867435426498966,0.0019064003905795925,0.03429195824518168,0.08216120707693023,0.0005579708460232952,0.007369864924557692,0.002417873666100946,True,True,True,True,True,True,True,True,WT,WT,WT,WT,WT,WT,WT,WT,11,158,20,404,391,2,12,18,Not Applicable,Not Applicable,Not Applicable,Not Applicable,Not Applicable,Not Applicable,Not Applicable,Not Applicable,True,,True,,,,False,True,0.006157359850659197,0.0002490532491193269
341,TTGCGTCCACCCTCTA,1,1,CATACTAGAGAGACAA,GAGCTCCTGTATTGCC,0.00016164064054015342,9.210868908120512e-05,0.0002020203487008026,6.56350275855092e-05,infected,wt,160497,1816,0.011314853237132156,7,241,678,30,312,463,0,60,32,0.001501585699421173,0.004224378025757491,0.00018691938167068544,0.001943961569375129,0.002884789123784245,0.0,0.0003738387633413709,0.0001993806737820645,True,True,True,True,True,False,True,True,A954G_synonymous,WT,WT,WT,WT,WT,WT,WT,16,33,15,107,66,1,2,3,15/16,Not Applicable,Not Applicable,Not Applicable,Not Applicable,Not Applicable,Not Applicable,Not Applicable,False,PA,True,HA: A954G_synonymous,HA: 15/16,HA,True,True,0.00017995985545866914,0.00021216593448886015
342,TTGGGATGTAACGATA,1,1,GTGGGATCTAAATGGC,TAAAAAATGTCTCATG,0.01639124812923307,0.011826240213366467,0.003104554635721829,0.00010161887446981232,infected,wt,161690,9470,0.058568866349186725,8,407,4600,71,627,3666,16,74,9,0.002517162471395881,0.028449502133712664,0.000439111880759478,0.0038777908343125725,0.02267301626569361,9.89547900303049e-05,0.00045766590389016015,5.566206939204651e-05,True,True,True,True,True,True,True,True,WT,WT,WT,WT,WT,WT,WT,WT,36,266,31,389,484,6,28,5,Not Applicable,Not Applicable,Not Applicable,Not Applicable,Not Applicable,Not Applicable,Not Applicable,Not Applicable,True,,True,,,,False,True,0.02053427689561369,0.001034896942980239
345,TTTCACAAGCCAAGCA,1,1,GAACGCACTCATTATC,GGTATCAGTTATTGTT,0.00016164064054015342,9.210868908120512e-05,0.0002020203487008026,6.56350275855092e-05,infected,wt,68424,2308,0.03373085467087572,6,475,796,219,461,1,129,0,227,0.006942008651934993,0.011633345025137378,0.0032006313574184497,0.006737402081141121,1.4614755056705249e-05,0.0018853034023149765,0.0,0.0033175493978720915,True,True,True,True,False,True,False,True,T465A_H155Q,WT,WT,WT,Not Detected,WT,Not Detected,WT,90,31,132,214,0,44,0,104,85/90,Not Applicable,Not Applicable,Not Applicable,Not Applicable,Not Applicable,Not Applicable,Not Applicable,False,NS; PB1,True,HA: T465A_H155Q,HA: 85/90,HA,True,True,0.00017995985545866914,0.00021216593448886015
346,TTTGGAGGTATCGTTG,1,1,AGTAAACTTCCTCGCG,ACATCTTATTTACACG,0.011233266652416285,0.016489482852430785,0.0002020203487008026,0.0001846133766986854,infected,wt,150130,3526,0.02348631186305201,8,93,1668,45,418,1230,7,57,8,0.000619463131952308,0.011110371011789782,0.00029974022513821363,0.002784253646839406,0.00819289948711117,4.6626257243722116e-05,0.0003796709518417372,5.328715113568241e-05,True,True,True,True,True,True,True,True,WT,WT,del47to47,WT,WT,WT,WT,WT,12,112,31,348,167,6,23,7,Not Applicable,Not Applicable,31/31,Not Applicable,Not Applicable,Not Applicable,Not Applicable,Not Applicable,True,,True,NA: del47to47,NA: 31/31,NA,True,True,0.020072737510703906,0.00035582741159070577
